{
  "project_info": {
    "project_number": "682746955297",
    "firebase_url": "https://projetoteste-76263-default-rtdb.firebaseio.com",
    "project_id": "projetoteste-76263",
    "storage_bucket": "projetoteste-76263.appspot.com"
  },
  "client": [
    {
      "client_info": {
        "mobilesdk_app_id": "1:682746955297:android:bdac4817d7abe55244c560",
        "android_client_info": {
          "package_name": "com.example.firebaseapp"
        }
      },
      "oauth_client": [
        {
          "client_id": "682746955297-ft3vb6g0c3ccogke2udf3qcni4ap9pkq.apps.googleusercontent.com",
          "client_type": 1,
          "android_info": {
            "package_name": "com.example.firebaseapp",
            "certificate_hash": "db6ea2a89aa65ab620761d22bd03865bc397a53b"
          }
        },
        {
          "client_id": "682746955297-lu0elainnodkf5cjerj9mklr3nr6n913.apps.googleusercontent.com",
          "client_type": 3
        }
      ],
      "api_key": [
        {
          "current_key": "AIzaSyDyfDRx486YBYw6etO9MUNK7RwRgU1oHTI"
        }
      ],
      "services": {
        "appinvite_service": {
          "other_platform_oauth_client": [
            {
              "client_id": "682746955297-lu0elainnodkf5cjerj9mklr3nr6n913.apps.googleusercontent.com",
              "client_type": 3
            }
          ]
        }
      }
    }
  ],
  "configuration_version": "1"
}